,AUD,BGN,BRL,CAD,CHF,CNY,CZK,DKK,EEK,EUR,GBP,HKD,HRK,HUF,IDR,ILS,JPY,KRW,LTL,LVL,MXN,MYR,NOK,NZD,PHP,PLN,RON,RUB,SEK,SGD,THB,TRY,USD,ZAR
2010-01-01,0.023878,0.029174,0.03746,0.022566,0.02213,0.1467,0.39488,0.11101000000000001,0.23340000000000002,0.014915999999999999,0.013247,0.16663,0.10889000000000001,4.0337,203.25,,1.9863,24.866,0.051503999999999994,0.01058,0.28225,0.073577,0.12381,0.029539,0.9920500000000001,0.061224999999999995,0.063191,0.64371,0.15292,0.030122,0.7157800000000001,0.032140999999999996,0.021488999999999998,0.15910000000000002
2010-02-01,0.024406999999999998,0.030312,0.040482,0.023042999999999998,0.022822,0.14722000000000002,0.40397000000000005,0.11539,0.24251000000000003,0.015498999999999999,0.013559,0.16749,0.11338000000000001,4.2055,202.64,,1.9466,25.218,0.053514,0.010983999999999999,0.28114,0.073632,0.12703,0.030646999999999997,1.0054,0.062063999999999994,0.063332,0.65483,0.15719000000000002,0.030455,0.7156800000000001,0.032152,0.021563,0.16326000000000002
2010-03-01,0.024201999999999998,0.031337,0.039209,0.022858,0.023464,0.14793,0.41552000000000006,0.11925000000000001,0.25071000000000004,0.016023,0.014528,0.16826000000000002,0.11627000000000001,4.3173,200.61,,1.9335,25.031,0.055324,0.011363,0.27636000000000005,0.07334399999999999,0.1291,0.031152,0.9994900000000001,0.06313,0.06587000000000001,0.64968,0.15646000000000002,0.030484999999999998,0.7126,0.033454,0.021671,0.16649000000000003
2010-04-01,0.024392999999999998,0.032487,0.039788,0.022626999999999998,0.023552,0.15271,0.42166000000000003,0.12366,0.25991000000000003,0.016611,0.014698,0.17375000000000002,0.12066,4.3982,203.48,,2.0976,25.198,0.057353999999999995,0.011774999999999999,0.27607000000000004,0.072896,0.13317,0.031775,1.0106,0.063882,0.068239,0.6577500000000001,0.16160000000000002,0.031271,0.72438,0.03402,0.022371,0.16282000000000002
2010-05-01,0.024197,0.033113,0.038870999999999996,0.022650999999999998,0.024280000000000003,0.15386000000000002,0.43218,0.12601,0.26491000000000003,0.016930999999999998,0.014735,0.17501000000000003,0.1228,4.5174,203.12,,2.13,24.981,0.058457999999999996,0.011977,0.27505,0.07178899999999999,0.13281,0.030905,1.0021,0.066305,0.069923,0.65756,0.16290000000000002,0.030841999999999998,0.72938,0.03345,0.022543,0.16529000000000002
2010-06-01,0.025464,0.034123,0.038840000000000006,0.022272999999999998,0.024745,0.14485,0.44713,0.12979000000000002,0.27299,0.017447,0.014563,0.16526000000000002,0.12665,4.8261,196.28,,1.9304999999999999,25.792,0.06024,0.012374999999999999,0.27547000000000005,0.070141,0.13856000000000002,0.031501999999999995,0.9893900000000001,0.07177599999999999,0.073046,0.66349,0.16777,0.029996,0.6910200000000001,0.033651,0.021207,0.16388000000000003
2010-07-01,0.025665,0.034025,0.038859,0.022831,0.022924999999999997,0.14543,0.44831000000000004,0.12958,0.27221,0.017397,0.014303,0.16711,0.12513000000000002,5.0007,194.17,,1.8813,26.351,0.060066999999999995,0.01234,0.27763000000000004,0.06935899999999999,0.13996,0.031422,0.9968500000000001,0.072666,0.075575,0.6711800000000001,0.16704000000000002,0.029966,0.6953,0.034013999999999996,0.021446999999999997,0.16674000000000003
2010-08-01,0.023930999999999997,0.032354,0.037922,0.022255999999999998,0.0224,0.14601,0.40988,0.12326000000000001,0.25884,0.016543,0.013810999999999999,0.16738,0.1197,4.7249,192.67,,1.863,25.525,0.057117999999999995,0.011725,0.27418000000000003,0.06855599999999999,0.13136,0.029797999999999998,0.9816900000000001,0.066311,0.07031899999999999,0.6520600000000001,0.15605000000000002,0.029335,0.6955800000000001,0.032594,0.021551999999999998,0.15817
2010-09-01,0.023599,0.032639,0.03733,0.022629,0.021639,0.14550000000000002,0.41278000000000004,0.12424000000000002,0.26112,0.016687999999999998,0.013869,0.16612000000000002,0.12145000000000002,4.7778,192.11,,1.7946,25.311,0.057621,0.011833999999999999,0.28058,0.066831,0.13255,0.030225,0.96357,0.066579,0.071171,0.6567900000000001,0.15602000000000002,0.028832,0.6659,0.032517,0.021360999999999998,0.15719000000000002
2010-10-01,0.023107,0.03202,0.037714,0.02306,0.021976,0.15036000000000002,0.39980000000000004,0.12201000000000001,0.25617,0.016371999999999998,0.014204,0.17438,0.11954000000000001,4.4834,200.26,,1.8706,25.312,0.056527999999999995,0.011611,0.28151000000000004,0.069337,0.13163,0.03037,0.98338,0.064455,0.06983299999999999,0.6843400000000001,0.15092,0.029495,0.6788200000000001,0.032507999999999995,0.022472,0.15573
2010-11-01,0.022774,0.031603,0.038280999999999996,0.02288,0.022227999999999998,0.15080000000000002,0.39642000000000005,0.12049000000000001,0.25283,0.016158,0.014005,0.17445000000000002,0.11871000000000001,4.3749,200.77,,1.8088000000000002,25.154,0.055791999999999994,0.011467999999999999,0.27785000000000004,0.069588,0.13162000000000001,0.029294999999999998,0.9652900000000001,0.064151,0.069199,0.69318,0.14989000000000002,0.029067,0.67203,0.03211,0.022501999999999998,0.15754
2010-12-01,0.022895,0.032889,0.037583,0.022466999999999997,0.022161,0.14696,0.41975,0.12533,0.26313000000000003,0.016815999999999998,0.014114,0.17129000000000003,0.12485000000000002,4.7161,198.63,,1.8559999999999999,25.372,0.058063,0.011935,0.27278,0.069515,0.13554000000000002,0.029578,0.9616300000000001,0.067605,0.072265,0.69357,0.15394000000000002,0.028884,0.66329,0.032977,0.022054999999999998,0.15479
2011-01-01,0.021981999999999998,0.032729,0.037111,0.022293,0.020923999999999998,0.14763,0.41937,0.12473000000000001,0.26184,0.016734,0.014404,0.1738,0.12355000000000001,4.6513,200.84,,1.8182,25.086,0.057780000000000005,0.011871,0.27692,0.068526,0.13053,0.028783,0.9756,0.066518,0.071321,0.6830900000000001,0.15003000000000002,0.028676,0.6722100000000001,0.03463,0.02236,0.14831000000000003
2011-02-01,0.021677,0.031066,0.036396,0.021788,0.020576,0.14391,0.38298000000000004,0.11841000000000002,,0.015884,0.013557999999999999,0.17024,0.11783,4.3141,197.26,0.080722,1.782,24.299,0.054844,0.011155,0.26426,0.06668,0.1252,0.028068,0.9645,0.062166,0.067633,0.64722,0.13986,0.027859,0.6753300000000001,0.034742999999999996,0.021848,0.15642
2011-03-01,0.021840000000000002,0.031473,0.036996999999999995,0.021575999999999998,0.020676999999999997,0.14614000000000002,0.39192000000000005,0.11998,,0.016092,0.013668,0.17326000000000003,0.11944,4.3873,195.74,0.080704,1.8247,24.946,0.055562,0.011337,0.26902000000000004,0.06742000000000001,0.1241,0.029604,0.9659300000000001,0.063925,0.06777899999999999,0.6384500000000001,0.14014000000000001,0.028260999999999998,0.67964,0.035747,0.022247,0.15466000000000002
2011-04-01,0.021672,0.031054,0.036550000000000006,0.021731,0.020735,0.14702,0.38920000000000005,0.11839000000000001,,0.015878,0.013996999999999999,0.17469,0.11711,4.2277000000000005,195.36,0.078057,1.8825,24.52,0.054824,0.011261,0.2667,0.067933,0.12394000000000001,0.029403,0.9740900000000001,0.06414399999999999,0.06576699999999999,0.6375000000000001,0.14192000000000002,0.02833,0.67988,0.03456,0.022452999999999997,0.15171
2011-05-01,0.020638,0.029767,0.035712,0.021463,0.019584,0.14681000000000002,0.36867000000000005,0.1135,,0.015220000000000001,0.013571999999999999,0.17568,0.11204000000000001,4.0257,193.72,0.07664599999999999,1.8366,24.179,0.052551999999999995,0.010796,0.26055,0.066991,0.11844,0.028026,0.9660900000000001,0.0599,0.062067,0.61863,0.13567,0.027708,0.67557,0.034367,0.022616999999999998,0.14915
2011-06-01,0.020755,0.030270000000000002,0.035186999999999996,0.021587,0.018854,0.14446,0.37920000000000004,0.11538000000000001,,0.015477,0.013574,0.17344,0.11529,4.1204,190.48,0.076224,1.8125,23.966,0.053439,0.010981,0.25811,0.06704299999999999,0.11965,0.027087999999999997,0.9623100000000001,0.061242,0.063928,0.6227,0.13758,0.027452999999999998,0.675,0.035345,0.022299,0.15128000000000003
2011-07-01,0.020935,0.030278,0.035013999999999997,0.021618,0.018990999999999997,0.145,0.37634,0.11547,,0.015481,0.014010000000000002,0.17455,0.1144,4.1014,191.52,0.076192,1.81,23.92,0.053453,0.010978,0.26205,0.067477,0.1206,0.027171999999999998,0.96774,0.061425999999999994,0.065634,0.6253000000000001,0.14131000000000002,0.027513,0.6910400000000001,0.036167,0.022428999999999998,0.15173
2011-08-01,0.020526,0.030784,0.035093,0.021584,0.017738999999999998,0.14598,0.38027000000000005,0.11726,,0.01574,0.013843999999999999,0.17677,0.11695000000000001,4.2166,191.91,0.07739299999999999,1.7446000000000002,23.789,0.054346,0.011164,0.26432,0.066693,0.12109,0.025731,0.9514400000000001,0.062688,0.06644499999999999,0.62548,0.14177,0.027228,0.67408,0.037958,0.022688999999999997,0.15122000000000002
2011-09-01,0.020276,0.029706999999999997,0.034776,0.021195,0.017342,0.13843,0.36688000000000004,0.11316000000000001,,0.015189,0.013385,0.16892000000000001,0.11368,4.1483,184.72,0.077578,1.6720000000000002,23.077,0.052445,0.010773999999999999,0.26786000000000004,0.06437799999999999,0.11673000000000001,0.025507,0.919,0.062947,0.06429599999999999,0.6290300000000001,0.13816,0.026137999999999998,0.6505000000000001,0.037341,0.021698,0.15223
2011-10-01,0.020982999999999998,0.029580000000000002,0.037912,0.021332999999999998,0.018406,0.13038000000000002,0.37439000000000006,0.11255000000000001,,0.015123999999999999,0.013106999999999999,0.15912,0.11342,4.4246,185.33,0.076501,1.5697,24.122,0.052221,0.010728,0.28122,0.065204,0.1193,0.026709,0.89292,0.066622,0.06590399999999999,0.65564,0.14002,0.026601999999999997,0.6359400000000001,0.037961999999999996,0.020422,0.16498000000000002
2011-11-01,0.019711,0.029123999999999997,0.035657,0.020631999999999998,0.018128,0.12898,0.37273,0.11081,,0.014891,0.012733999999999999,0.15773,0.11170000000000001,4.6085,180.5,0.074719,1.5871,22.773,0.051415999999999996,0.010478999999999999,0.27827,0.06332499999999999,0.11553000000000001,0.025540999999999998,0.86799,0.066674,0.064818,0.62751,0.13495000000000001,0.025914,0.6278400000000001,0.036495,0.020291999999999998,0.16601000000000002
2011-12-01,0.019018999999999998,0.028218999999999998,0.034901,0.019819,0.017695,0.12393000000000001,0.36473000000000005,0.10725000000000001,,0.014428,0.012395,0.15131,0.10834,4.3646,175.1,0.07284399999999999,1.5127000000000002,21.902,0.049818,0.010064,0.26405,0.060724999999999994,0.11230000000000001,0.025029,0.8424900000000001,0.065,0.062835,0.5982700000000001,0.13167,0.024978,0.60074,0.035664,0.019466999999999998,0.15777000000000002
2012-01-01,0.018515999999999998,0.028463,0.035158999999999996,0.019232,0.017691,0.11874000000000001,0.37529,0.10819000000000001,,0.014553,0.012156,0.14628000000000002,0.10969000000000001,4.5782,170.72,0.07197,1.4582,21.811,0.05025,0.010180000000000002,0.2627,0.059749,0.11285,0.024357999999999998,0.82596,0.06487899999999999,0.062918,0.60782,0.1297,0.024477,0.59655,0.035557,0.018830000000000003,0.15256
2012-02-01,0.019007,0.030194,0.035364,0.020318,0.018600000000000002,0.12827000000000002,0.38838000000000006,0.11476000000000001,,0.015437999999999999,0.012832,0.15775,0.11699000000000001,4.5155,182.6,0.075904,1.5483,22.861,0.053305,0.0108,0.26348000000000005,0.061873,0.11816000000000002,0.024451999999999998,0.8715900000000001,0.064848,0.067105,0.61431,0.13724,0.025467,0.6293000000000001,0.035865999999999995,0.02034,0.1573
2012-03-01,0.018831999999999998,0.029816,0.034890000000000004,0.020002,0.018373,0.12784,0.37945,0.11334000000000001,,0.015245,0.012728,0.15739,0.11536,4.3884,184.42,0.07675699999999999,1.6457000000000002,22.698,0.052638,0.010650000000000001,0.26013000000000003,0.060962999999999996,0.11316000000000001,0.024253,0.8693700000000001,0.062736,0.066324,0.59506,0.13436,0.02536,0.6210100000000001,0.035587,0.020294,0.15168
2012-04-01,0.018865,0.028744,0.035747,0.019563,0.017702,0.12358000000000001,0.36345000000000005,0.10934,,0.014697,0.012256,0.15241000000000002,0.11041000000000001,4.3344000000000005,179.96,0.072852,1.6102,22.236,0.050745,0.010291999999999999,0.25017,0.060133,0.11175000000000002,0.023888,0.8418500000000001,0.061023999999999995,0.064401,0.5775100000000001,0.13,0.024654,0.6051700000000001,0.034940000000000006,0.019629,0.15038
2012-05-01,0.018213,0.028083,0.035782,0.018645,0.017256,0.11914000000000001,0.35706000000000004,0.10681,,0.014358999999999999,0.011673,0.14722000000000002,0.10773,4.1174,174.3,0.071162,1.5199,21.422,0.049578,0.010043,0.24634000000000003,0.057415,0.10895,0.023164999999999998,0.7997700000000001,0.059889,0.063315,0.55778,0.12806,0.023462,0.58325,0.033361,0.018973999999999998,0.14689000000000002
2012-06-01,0.01864,0.028544,0.036517,0.018671999999999998,0.017525,0.11455000000000001,0.37635,0.10845,,0.014594,0.011748999999999999,0.13957,0.11026000000000001,4.4659,171.08,0.070316,1.4047,21.234,0.050392,0.010187,0.25996,0.057552,0.11055000000000001,0.023967,0.7831600000000001,0.064398,0.065269,0.6093900000000001,0.13127,0.023271,0.57367,0.033637,0.017983,0.1552
2012-07-01,0.017596999999999998,0.027892,0.036777,0.018356,0.017155999999999998,0.11411,0.36566000000000004,0.10601000000000001,,0.014261,0.011505999999999999,0.13927,0.10721000000000001,4.104,169.41,0.07052599999999999,1.428,20.55,0.049241,0.0099358,0.24067000000000002,0.056988,0.10743000000000001,0.022456,0.75663,0.060592999999999994,0.063481,0.58999,0.12511,0.022781,0.56864,0.032563999999999996,0.017955,0.14785
2012-08-01,0.017137,0.028668,0.036968999999999995,0.018059,0.017609,0.1148,0.37170000000000003,0.10908000000000001,,0.014658,0.011543,0.13978000000000002,0.11017,4.1098,170.3,0.071481,1.4101,20.32,0.050610999999999996,0.010211999999999999,0.23967000000000002,0.056142,0.10825000000000001,0.0222,0.7519300000000001,0.060183,0.067336,0.5830500000000001,0.12194,0.022449,0.5676500000000001,0.032411999999999996,0.018026,0.14904
2012-09-01,0.017424,0.027930000000000003,0.036849,0.017832,0.017148999999999998,0.11433000000000001,0.35473000000000005,0.10641,,0.014280000000000001,0.011356,0.13967000000000002,0.10672000000000001,4.0506,171.96,0.072477,1.4132,20.421,0.049307,0.009939199999999999,0.23958000000000002,0.056207999999999994,0.10414000000000001,0.022432,0.7595900000000001,0.059642,0.063738,0.58237,0.11904,0.022486,0.56422,0.032732,0.018009,0.15159
2012-10-01,0.018420000000000002,0.028980000000000002,0.038671,0.018770000000000002,0.017922,0.11991000000000002,0.37163,0.11047000000000001,,0.014818,0.011829,0.14795000000000003,0.11003,4.225,182.78,0.074617,1.488,21.271,0.051162,0.010315999999999999,0.24571,0.058431,0.10932000000000001,0.023016,0.79617,0.060836999999999995,0.06701,0.59601,0.12555000000000002,0.023452,0.5874900000000001,0.034254,0.019081,0.15902000000000002
2012-11-01,0.017925999999999997,0.028068,0.037818,0.018612,0.017324,0.11620000000000001,0.36202,0.10705,,0.014351,0.011526,0.14431000000000002,0.10796000000000001,4.0501,179.17,0.07208,1.4899,20.322,0.049551,0.0099911,0.2431,0.056830000000000006,0.10577,0.022508999999999998,0.7675900000000001,0.059225999999999994,0.065067,0.58367,0.12399000000000002,0.022716999999999998,0.5718300000000001,0.033367,0.01862,0.16123
2012-12-01,0.017650000000000002,0.027673,0.038756,0.018258,0.017055,0.11446,0.35743,0.10555,,0.014149,0.011472,0.1424,0.10666,3.9763,176.45,0.07009599999999999,1.5192,19.898,0.048853999999999995,0.0098506,0.23721000000000003,0.055853,0.10436000000000001,0.022448,0.74975,0.058085,0.06388,0.5685,0.12257000000000001,0.022439,0.56408,0.032844,0.018373999999999998,0.16232000000000002
2013-01-01,0.017519,0.026954,0.03726,0.018105,0.016637,0.11330000000000001,0.34662000000000004,0.10283,,0.013781999999999999,0.011247,0.14093,0.10416,4.0284,175.22,0.067886,1.5657,19.38,0.047584999999999995,0.009615499999999999,0.23682000000000003,0.055604999999999995,0.10127000000000001,0.022113,0.7456900000000001,0.056146999999999996,0.061252999999999995,0.5558200000000001,0.11827000000000001,0.022203999999999998,0.55605,0.032457,0.018184,0.15398
2013-02-01,0.018092,0.026945999999999998,0.037321,0.018788,0.017016,0.11706000000000001,0.35322000000000003,0.10278000000000001,,0.013777,0.011871999999999999,0.14583000000000002,0.10459,4.0281,182.58,0.069564,1.7328999999999999,20.582,0.04757,0.0096483,0.23931000000000002,0.058488,0.10233,0.022307,0.7646700000000001,0.057578,0.060275999999999996,0.56362,0.11852000000000001,0.023330999999999998,0.5601700000000001,0.032977,0.018798,0.16825
2013-03-01,0.017848,0.027396999999999998,0.036176,0.018822,0.017152999999999998,0.11334000000000001,0.35968000000000006,0.10445000000000002,,0.014008,0.012112999999999999,0.14124,0.10634,4.1356,176.51,0.067922,1.6884000000000001,19.83,0.048367,0.009814,0.23399000000000003,0.056399,0.10486000000000001,0.022074999999999997,0.7405600000000001,0.058101,0.061131,0.5599700000000001,0.11719000000000002,0.022581,0.54249,0.032858,0.01821,0.16542
2013-04-01,0.017693,0.028114,0.036948,0.018716999999999998,0.01753,0.11442000000000001,0.37001,0.10717000000000002,,0.014374999999999999,0.012155,0.14291,0.10916000000000001,4.376,178.94,0.0671,1.7375,20.484,0.049633,0.010086999999999999,0.22734000000000001,0.056996,0.10798,0.022005,0.75175,0.060093,0.063527,0.57157,0.12011000000000001,0.022855999999999998,0.53795,0.033367,0.018407,0.16991
2013-05-01,0.017998999999999998,0.027830999999999998,0.037333,0.018802,0.017414,0.11469000000000001,0.36711000000000005,0.1061,,0.014230000000000001,0.012013999999999999,0.14436000000000002,0.10801000000000001,4.2707,180.79,0.066842,1.8122,20.497,0.049132999999999996,0.0099609,0.22684,0.056582999999999994,0.10825000000000001,0.021731999999999998,0.7655200000000001,0.059059,0.061564,0.57903,0.12155,0.02295,0.5450200000000001,0.033469,0.018601,0.16797
2013-06-01,0.018422,0.02661,0.037639,0.018278,0.016878999999999998,0.10856,0.34982,0.10144,,0.013606,0.011615,0.13739,0.10272,4.0288,173.37,0.06533499999999999,1.7752,20.011,0.046978,0.009548599999999999,0.22816000000000003,0.054786999999999995,0.10359000000000002,0.02213,0.7487400000000001,0.058221999999999996,0.059652,0.5638200000000001,0.11678000000000001,0.022330000000000003,0.5371600000000001,0.033274,0.017696,0.17983000000000002
2013-07-01,0.018279,0.025195,0.037391,0.017665999999999998,0.015896,0.10299000000000001,0.33467,0.09608799999999999,,0.012882,0.011030000000000002,0.13025,0.09589099999999999,3.7882,167.16,0.061048,1.6745,19.068,0.044479,0.0090457,0.21692000000000003,0.053146,0.10175000000000001,0.021608,0.7244700000000001,0.055816,0.057309,0.55471,0.11202000000000001,0.021293,0.5202,0.032332,0.016794,0.16686
2013-08-01,0.018416,0.024447,0.037607,0.017037,0.015396,0.10142000000000001,0.32443000000000005,0.09318499999999999,,0.0125,0.010865,0.12832000000000002,0.093984,3.7352,170.07,0.05884,1.6336,18.579,0.043157999999999995,0.0087859,0.21080000000000002,0.053645,0.097928,0.020827,0.72172,0.052931,0.055285,0.54642,0.10864000000000001,0.021044,0.51751,0.032042999999999995,0.016544,0.16346000000000002
2013-09-01,0.016870000000000003,0.022264,0.035428,0.015864,0.014013,0.092182,0.29295000000000004,0.08491399999999999,,0.011382999999999999,0.0097209,0.11683,0.086153,3.4239,169.83,0.054313,1.48,16.721,0.039305,0.0080003,0.20053,0.049579,0.092098,0.019398,0.6715800000000001,0.048531,0.050450999999999996,0.50093,0.099608,0.019200000000000002,0.48444000000000004,0.030584999999999998,0.015066,0.15558000000000002
2013-10-01,0.016951,0.023042,0.03547,0.016449,0.014436,0.09775299999999999,0.30216000000000004,0.087869,,0.011781,0.0098316,0.12384,0.089725,3.4881,181.32,0.056402999999999995,1.5622,17.16,0.040679,0.0082788,0.20978000000000002,0.051668,0.09579499999999999,0.019278,0.6914800000000001,0.049845,0.052410000000000005,0.51431,0.10171000000000001,0.019993,0.49758,0.032128,0.015969,0.16068000000000002
2013-11-01,0.017112,0.023461,0.036476999999999996,0.016892,0.014766999999999999,0.09882099999999999,0.31013,0.08946799999999999,,0.011996,0.010152,0.12559,0.091406,3.5568,183.63,0.057222999999999996,1.5942,17.205,0.041417999999999996,0.008429299999999999,0.21196,0.051489,0.09651599999999999,0.019604,0.70232,0.050232,0.053252,0.52303,0.10563000000000002,0.020132,0.5054200000000001,0.032690000000000004,0.0162,0.16447
2013-12-01,0.017575,0.023016,0.037173,0.016939,0.014473,0.09762499999999999,0.32235,0.087779,,0.011767999999999999,0.009800099999999999,0.12418000000000001,0.089916,3.5434,188.07,0.056409,1.6383,16.95,0.040633999999999997,0.0082731,0.20917000000000002,0.051669,0.097912,0.019651,0.69959,0.049497,0.052233999999999996,0.5314,0.10483,0.020103,0.5136200000000001,0.032333,0.016018,0.16312000000000001
2014-01-01,0.018067,0.022910999999999997,0.038160000000000006,0.017186,0.01438,0.097804,0.32129,0.08738000000000001,,0.011713999999999999,0.0097662,0.12526,0.089339,3.4796,196.39,0.056088,1.6953,16.996,0.040447,0.0082328,0.21171,0.052973,0.097966,0.019635,0.71796,0.048665,0.052374,0.53095,0.10378000000000001,0.020399,0.5292300000000001,0.03468,0.016155,0.17063
2014-02-01,0.018321,0.023094,0.038765,0.017866999999999997,0.014428999999999999,0.096735,0.32472,0.08811000000000001,,0.011807999999999999,0.009698499999999999,0.12395,0.090349,3.699,194.42,0.056152,1.631,17.289,0.040770999999999995,,0.21445000000000003,0.053425999999999994,0.1005,0.019698,0.7245400000000001,0.050170000000000006,0.053069,0.56381,0.10451,0.020402,0.52663,0.0363,0.015960000000000002,0.18047000000000002
2014-03-01,0.018068999999999998,0.022927,0.037653,0.018002,0.014246,0.099503,0.32054000000000005,0.087479,,0.011722999999999999,0.0096857,0.12563000000000002,0.089669,3.6393,188.02,0.056506,1.6485,17.271,0.040475,,0.21463000000000002,0.053062,0.09700399999999999,0.019225,0.7229700000000001,0.048854999999999996,0.052772,0.5854600000000001,0.10377000000000002,0.020499,0.5283100000000001,0.035817999999999996,0.016191999999999998,0.17300000000000001
2014-04-01,0.018053,0.023651,0.037896,0.018430000000000002,0.014726,0.10350000000000001,0.33193,0.090278,,0.012093,0.010027,0.12935000000000002,0.09249,3.722,188.58,0.057961,1.7236,17.655,0.041753,,0.21798,0.054464,0.09948599999999999,0.019230999999999998,0.74665,0.050522,0.053998,0.58579,0.10763,0.021016999999999997,0.5397200000000001,0.035865999999999995,0.016676,0.17676000000000003
2014-05-01,0.017915,0.023441999999999998,0.037453,0.018208,0.014622999999999999,0.10394,0.32906,0.089461,,0.011986,0.0098643,0.1287,0.09118599999999999,3.6872,191.9,0.057551,1.7027999999999999,17.145,0.041385,,0.21758000000000002,0.05419,0.099147,0.019400999999999998,0.7400800000000001,0.050369,0.053321999999999994,0.59287,0.10874,0.020864,0.5372800000000001,0.035151999999999996,0.0166,0.17534000000000002
2014-06-01,0.018202,0.024325,0.037704,0.018338999999999998,0.015179,0.10575000000000001,0.34167000000000003,0.092832,,0.012438,0.010112999999999999,0.1312,0.09435099999999999,3.7662,198.09,0.058774999999999994,1.7208999999999999,17.278,0.042943999999999996,,0.21744000000000002,0.054432999999999995,0.10127000000000001,0.019971,0.7417900000000001,0.051504999999999995,0.054762,0.58842,0.11296,0.021217,0.55589,0.035443999999999996,0.016923999999999998,0.17726
2014-07-01,0.017608,0.023784,0.036906999999999995,0.017738999999999998,0.014761,0.10323,0.33361,0.090668,,0.012161,0.0097056,0.129,0.092179,3.7751,197.64,0.057059,1.6901000000000002,16.838,0.041989,,0.21617000000000003,0.053377999999999995,0.10261,0.019,0.7267800000000001,0.050567,0.053363,0.57028,0.11139,0.020739,0.53954,0.035346999999999996,0.016645999999999998,0.17737000000000003
2014-08-01,0.017592999999999998,0.023844,0.03724,0.017842,0.014828,0.10091000000000001,0.33695,0.09089499999999999,,0.012190999999999999,0.0097056,0.12656,0.093142,3.8341000000000003,192.89,0.055966999999999996,1.6814,16.936,0.042094,,0.21642000000000003,0.052454,0.10288000000000001,0.019264,0.7166100000000001,0.051066999999999994,0.054103,0.5847600000000001,0.11241000000000001,0.020385,0.5266700000000001,0.035105,0.01633,0.17558
2014-09-01,0.017684,0.024600999999999998,0.036948999999999996,0.017943999999999998,0.015184999999999999,0.10148000000000001,0.34890000000000004,0.093702,,0.012577999999999999,0.0099401,0.12802000000000002,0.09576599999999999,3.9528,193.58,0.059108999999999995,1.7229,16.732,0.043431,,0.21612,0.052194,0.1023,0.019698,0.7184200000000001,0.052933,0.055295,0.61612,0.11562000000000001,0.020634,0.5282100000000001,0.035681,0.016519,0.17614000000000002
2014-10-01,0.018636,0.025143,0.039816,0.018177,0.01552,0.099481,0.35356000000000004,0.095695,,0.012856,0.010003999999999999,0.12578,0.09825,3.9891,196.8,0.059389,1.7809,17.258,0.044388,,0.21774000000000002,0.052965,0.10467000000000001,0.020789,0.7270800000000001,0.053756,0.056685,0.64176,0.1169,0.020679,0.52632,0.037079,0.016201999999999998,0.18280000000000002
2014-11-01,0.01854,0.025448,0.039964,0.018372,0.015701,0.099616,0.36133000000000004,0.09686399999999999,,0.013012,0.010204,0.12638000000000002,0.09972199999999999,4.011,197.39,0.061863999999999995,1.824,17.48,0.044926999999999995,,0.21952000000000002,0.053620999999999995,0.11047000000000001,0.020877,0.7332700000000001,0.054879,0.057463999999999994,0.7007800000000001,0.12057000000000001,0.020963,0.53129,0.036132,0.016295999999999998,0.17894000000000002
2014-12-01,0.018978,0.025283,0.041356,0.018373,0.015548999999999999,0.09920599999999999,0.35713,0.09618,,0.012927,0.010247,0.12499,0.099227,3.9613,198.02,0.063108,1.9083,17.858,0.044635,,0.22425,0.055224999999999996,0.11214,0.020474,0.72223,0.054013,0.057312999999999996,0.84384,0.11966000000000002,0.021051999999999998,0.52947,0.035774,0.016118999999999998,0.1778
2015-01-01,0.019329,0.025493,0.04198,0.018331,0.015673,0.098226,0.36151000000000005,0.097046,,0.013035,0.010152999999999999,0.12275000000000001,0.09981899999999999,4.1129,196.51,0.061522999999999994,1.893,17.268,0.045006,,0.23290000000000002,0.055361999999999995,0.11786,0.020236,0.70955,0.055699,0.058431,0.94288,0.12243000000000001,0.020930999999999998,0.5202100000000001,0.036913999999999995,0.015825,0.18294000000000002
2015-02-01,0.020731,0.027895,0.042950999999999996,0.020427999999999998,0.01493,0.10075,0.39646000000000003,0.10617000000000001,,0.014263,0.010713,0.12499,0.10979000000000001,4.4504,204.56,0.063433,1.8981,17.778,,,0.24016,0.058620000000000005,0.12599000000000002,0.022203999999999998,0.7121900000000001,0.06001000000000001,0.063355,1.1399,0.13352,0.021811,0.5285000000000001,0.039334999999999995,0.016124,0.18688000000000002
2015-03-01,0.020664,0.028148,0.046888,0.020142,0.015307999999999999,0.10144,0.39489,0.10745,,0.014391999999999999,0.010475,0.12545,0.11065000000000001,4.3613,209.49,0.0645,1.9293,17.792,,,0.24283000000000002,0.058398,0.12340000000000001,0.021370999999999998,0.71221,0.059761999999999996,0.06392,0.99594,0.13484000000000002,0.022004,0.5229600000000001,0.04073,0.016177,0.18808000000000002
2015-04-01,0.021056,0.029096999999999998,0.050574,0.020281,0.015510999999999999,0.099176,0.40977,0.11115000000000001,,0.014877,0.010837999999999999,0.12405000000000001,0.11379000000000002,4.4412,208.61,0.063692,1.9235000000000002,17.67,,,0.24377000000000001,0.059190000000000006,0.12898,0.021530999999999998,0.7128800000000001,0.060413999999999995,0.06565399999999999,0.9288900000000001,0.13768000000000002,0.021863999999999998,0.52019,0.041752,0.016000999999999998,0.19342
2015-05-01,0.019885,0.027462999999999998,0.046664,0.018928999999999998,0.014724,0.097687,0.38517,0.1048,,0.014041999999999999,0.010204,0.12206000000000002,0.10632000000000001,4.2521,204.28,0.060857999999999995,1.8712,16.885,,,0.23996,0.056020999999999994,0.11774000000000001,0.02068,0.70333,0.056519,0.062042,0.8094600000000001,0.13096000000000002,0.020803,0.51922,0.041866,0.015747999999999998,0.18593
2015-06-01,0.020572,0.028055,0.050301,0.019614,0.014820000000000002,0.09726699999999999,0.39362,0.10699000000000002,,0.014345,0.010317,0.12175000000000001,0.10865000000000001,4.4341,207.2,0.060738,1.9479000000000002,17.459,,,0.2421,0.057907,0.12489000000000001,0.022050999999999998,0.69855,0.059294,0.06372599999999999,0.8356800000000001,0.13446000000000002,0.021223,0.52905,0.042026,0.015698999999999998,0.19239
2015-07-01,0.020478,0.027701999999999997,0.048796,0.019691,0.014811,0.09750099999999999,0.38591000000000003,0.10567000000000001,,0.014164,0.010043,0.12188000000000002,0.10748,4.4521,209.78,0.059435999999999996,1.9352,17.661,,,0.24715,0.059142999999999994,0.12384,0.023250000000000003,0.7113400000000001,0.059348,0.063398,0.8713400000000001,0.13096000000000002,0.021220000000000003,0.5316700000000001,0.042135,0.015722,0.19168000000000002
2015-08-01,0.021525,0.027805999999999997,0.052565999999999995,0.020345,0.01502,0.09682099999999999,0.38430000000000003,0.10608000000000001,,0.014216999999999999,0.010010000000000002,0.12089000000000001,0.10794000000000001,4.3831,211.35,0.058915999999999996,1.9384000000000001,18.303,,,0.25231000000000003,0.059732999999999994,0.12797,0.023840999999999998,0.7129300000000001,0.058907999999999995,0.062623,0.9505500000000001,0.13452,0.021442,0.54837,0.043341,0.015592,0.19792
2015-09-01,0.021415999999999998,0.026250000000000002,0.055118,0.019939,0.014528999999999999,0.095984,0.36268,0.10017000000000001,,0.013422,0.0098354,0.11688000000000001,0.10136,4.2211,212.82,0.059237,1.8102,17.737,,,0.25434,0.063082,0.12557000000000001,0.023822,0.70484,0.056874999999999995,0.059601999999999995,0.9796100000000001,0.12744,0.021299,0.53908,0.044084,0.015080999999999999,0.20186
2015-10-01,0.021592999999999998,0.026768,0.060251,0.020253999999999998,0.014922,0.097037,0.3719,0.10211,,0.013685999999999999,0.010083,0.1183,0.10456000000000001,4.2811,223.91,0.060022,1.8279,17.989,,,0.25736000000000003,0.06726499999999999,0.12942,0.023721,0.7137,0.05811,0.060437,1.0001,0.12831,0.021783,0.5560700000000001,0.046253999999999997,0.015264,0.21145000000000003
2015-11-01,0.021584,0.027157999999999998,0.059326,0.020155,0.015136,0.096788,0.37617,0.10356000000000001,,0.013885999999999999,0.0099728,0.11856000000000001,0.10534,4.3032,209.27,0.059137999999999996,1.8451,17.413,,,0.25342000000000003,0.065749,0.13043000000000002,0.02273,0.71501,0.059215,0.061584,0.9799100000000001,0.13034,0.021446999999999997,0.5442400000000001,0.044612,0.015297999999999999,0.21137000000000003
2015-12-01,0.020621,0.027736999999999998,0.058508,0.020021999999999998,0.015470000000000001,0.096165,0.38324,0.1058,,0.014182,0.0099784,0.11655000000000001,0.10830000000000001,4.4035,207.65,0.058308,1.8517000000000001,17.43,,,0.24830000000000002,0.063649,0.1305,0.022598999999999998,0.70923,0.060527,0.063235,1.0029,0.13064,0.021197999999999998,0.53825,0.043432,0.015033,0.21749000000000002
2016-01-01,0.020683999999999998,0.027156,0.059865999999999996,0.020988,0.015044,0.098037,0.37520000000000003,0.10362,,0.013885,0.010191,0.11715,0.10605,4.3873,208.83,0.058983,1.8199,17.783,,,0.26261,0.065201,0.13333,0.022109,0.7081000000000001,0.059203,0.062814,1.1201,0.12759,0.021405999999999998,0.5449400000000001,0.044105,0.015116,0.23539000000000002
2016-02-01,0.020805,0.026462,0.058870000000000006,0.020637,0.015012999999999999,0.096881,0.36559,0.10097,,0.01353,0.010296,0.11458000000000002,0.10365,4.2195,200.87,0.058178999999999995,1.7858,17.73,,,0.26899,0.061352,0.1274,0.022757,0.70264,0.059467,0.061217999999999995,1.1225,0.12561,0.020971,0.52442,0.043660000000000004,0.014726,0.2368
2016-03-01,0.020599,0.026511999999999997,0.058993,0.019925,0.014721,0.09655699999999999,0.36676000000000003,0.10111,,0.013555999999999999,0.010546,0.11460000000000001,0.10338000000000001,4.2043,196.56,0.057384,1.6665,18.166,,,0.26551,0.061221,0.12752000000000002,0.022333,0.69596,0.058924,0.06053000000000001,1.0875,0.12695,0.020656,0.52473,0.043498999999999996,0.014738,0.23318000000000003
2016-04-01,0.019622,0.025783999999999998,0.054442,0.019635,0.014431,0.097429,0.35635000000000006,0.09822,,0.013182999999999999,0.010532,0.11687000000000002,0.09901399999999999,4.1304,197.86,0.056929,1.6884000000000001,17.347,,,0.26235,0.058511,0.12445,0.021776,0.69364,0.05595000000000001,0.058920999999999994,1.0223,0.12183000000000001,0.020288,0.52885,0.042563,0.015071,0.22248
2016-05-01,0.019747,0.025837,0.052495,0.018872,0.01451,0.09768199999999999,0.35718000000000005,0.098338,,0.013210000000000001,0.010307,0.11687000000000002,0.09922299999999999,4.1247,198.62,0.056362999999999996,1.6162,17.193,,,0.25836000000000003,0.058847,0.12173,0.021608,0.70681,0.058079,0.059142999999999994,0.9673800000000001,0.12112,0.020225999999999997,0.52602,0.042186,0.015064,0.21344000000000002
2016-06-01,0.020391,0.025946999999999998,0.053346,0.019350000000000003,0.014665999999999998,0.097506,0.35855000000000004,0.09868299999999999,,0.013266,0.010263,0.11518,0.099655,4.1671,202.63,0.057102,1.6194000000000002,17.664,,,0.27399,0.061568,0.12349000000000002,0.021721,0.69132,0.058343,0.059934999999999995,0.9920800000000001,0.12311000000000001,0.020397,0.5286200000000001,0.043697,0.014823999999999999,0.23267000000000002
2016-07-01,0.019853,0.026088,0.047802,0.019194,0.014452,0.098854,0.36138000000000003,0.099213,,0.013339,0.011182,0.11524000000000001,0.10035000000000001,4.222,194.72,0.057082999999999995,1.5245000000000002,17.017,,,0.26919000000000004,0.059191999999999995,0.12402,0.020686,0.6980700000000001,0.058644999999999996,0.060232999999999995,0.9511700000000001,0.12525,0.019953,0.5206500000000001,0.042786,0.014853,0.21647000000000002
2016-08-01,0.01981,0.026265,0.048830000000000005,0.019589,0.014513,0.09956000000000001,0.36298,0.099899,,0.013429,0.011353,0.11633,0.10053000000000001,4.1766,195.4,0.057092,1.5347,16.601,,,0.28109,0.06037000000000001,0.12685000000000002,0.020876,0.70469,0.058431,0.059814,0.9920800000000001,0.1287,0.020097999999999998,0.52114,0.044885999999999995,0.014992,0.20832
2016-09-01,0.019832,0.026206,0.048270999999999994,0.019608,0.014709,0.099757,0.36211000000000004,0.099712,,0.013399,0.011262,0.11585000000000001,0.10023000000000001,4.1543,198.37,0.056353999999999994,1.5488,16.754,,,0.28077,0.061198999999999996,0.12468000000000001,0.020576999999999998,0.69808,0.058478999999999996,0.059703,0.9758700000000001,0.12795,0.020364,0.5173300000000001,0.04422,0.014934,0.21909
2016-10-01,0.019709,0.0263,0.048692,0.019754,0.014624999999999999,0.10013000000000001,0.36335,0.10020000000000001,,0.013446999999999999,0.011578,0.11638000000000001,0.10115,4.1657,195.87,0.056471999999999994,1.5207000000000002,16.537,,,0.29232,0.062055,0.12084,0.020666999999999998,0.7263400000000001,0.05808000000000001,0.059889,0.9482,0.12937,0.020487,0.5203300000000001,0.04515,0.015007999999999999,0.20875000000000002
2016-11-01,0.0195,0.026594,0.047917,0.020028999999999998,0.014717,0.10148000000000001,0.36746,0.10115,,0.013597999999999999,0.012261,0.11627000000000001,0.10209000000000001,4.1844,195.6,0.057291999999999996,1.5715,17.111,,,0.28308,0.062557,0.12267000000000002,0.020862,0.7237800000000001,0.058586,0.061264,0.94327,0.13435,0.020815,0.5250100000000001,0.046497,0.014990999999999999,0.20232000000000003
2016-12-01,0.019794,0.026926,0.050383,0.019604,0.014818999999999999,0.10074000000000001,0.37255000000000005,0.10243000000000001,,0.013767,0.011578,0.11347000000000002,0.10387,4.3223,198.16,0.056082,1.6712,17.093,,,0.30197,0.065303,0.12339000000000001,0.020662,0.72736,0.061506,0.06201,0.933,0.13483,0.020891999999999997,0.5217900000000001,0.050982,0.01463,0.20593000000000003
2017-01-01,0.020387,0.027318,0.047916,0.019816999999999998,0.015,0.10225000000000001,0.37742000000000003,0.10384,,0.013968,0.011959,0.11419000000000001,0.10559,4.3276,197.96,0.056537,1.7236,17.731,,,0.30410000000000004,0.066049,0.12691000000000002,0.021172,0.73006,0.061602,0.063399,0.89812,0.13343000000000002,0.021278,0.5269400000000001,0.051781,0.014723,0.20193000000000003
2017-02-01,0.019552,0.026882,0.04662,0.019375999999999997,0.01468,0.10208,0.3714,0.10222,,0.013744999999999999,0.011741,0.11507,0.10260000000000001,4.2579,198.26,0.05589,1.6803,17.152,,,0.30706,0.065676,0.1221,0.020366,0.73828,0.059358999999999995,0.062509,0.8915900000000001,0.12955,0.020947,0.52085,0.055777999999999994,0.014830999999999999,0.19908
2017-03-01,0.019535,0.027783,0.046548,0.019950000000000002,0.015123999999999999,0.10295000000000001,0.38384,0.10559,,0.014204999999999999,0.012152999999999999,0.11616000000000001,0.10541,4.3745,199.93,0.05437,1.7024,17.116,,,0.29987,0.066552,0.12588000000000002,0.021013999999999998,0.7531,0.061022999999999994,0.064218,0.87248,0.13533,0.021084,0.5237700000000001,0.054603,0.014962,0.19574000000000003
2017-04-01,0.020148,0.028183,0.048706,0.020555999999999998,0.015413,0.10612,0.3895,0.10718000000000001,,0.014410000000000001,0.012327999999999999,0.11971000000000001,0.1073,4.4328,205.17,0.055986999999999995,1.7227000000000001,17.213,,,0.28846000000000005,0.068178,0.13212000000000002,0.022060000000000003,0.7732100000000001,0.060904,0.065602,0.86911,0.13736,0.021529,0.52919,0.056046,0.015406,0.20520000000000002
